mean_storage_gib,sampled_mean_recovery_token_layers,exact_mean_recovery_token_layers,g,l
2.64495084,92781.35897827,93093.83546316,8192,42
2.64688583,92727.72851562,93077.10141790,8186,42
2.64720833,92612.69976807,93077.93788006,8185,42
2.64753083,92592.19830322,93079.54327846,8184,42
2.66180285,92531.73233032,92921.93484807,8140,42
2.66245491,92519.62088013,92921.93484807,8138,42
2.66278093,92490.69564819,92921.93484807,8137,42
2.66343299,92429.21862793,92921.93484807,8135,42
2.67886347,92404.41491699,92746.02942897,8088,42
2.70050862,92311.64474487,92524.33814366,8023,42
2.70084535,92195.17010498,92514.80019920,8022,42
2.70589631,92187.39804077,92479.33216267,8007,42
2.70623305,92143.77365112,92479.33216267,8006,42
2.70690651,92125.44674683,92479.33216267,8004,42
2.70791670,92028.79870605,92479.33216267,8001,42
2.70859198,91906.96340942,92465.20253380,7999,42
2.73485203,91859.71517944,92200.28229272,7922,42
2.74348075,91730.24917603,92091.09442891,7897,42
2.74417597,91716.20321655,92070.68173432,7895,42
2.74452357,91666.59918213,92062.71298929,7894,42
2.74487118,91650.72955322,92056.08696191,7893,42
2.76583989,91634.91885376,91848.68818531,7833,42
2.76866477,91462.55514526,91816.37693462,7825,42
2.77751558,91430.36596680,91752.55600844,7800,42
2.77787054,91320.24761963,91755.20383480,7799,42
2.77822549,91169.45233154,91758.42896957,7798,42
2.79935139,91069.00643921,91532.60310140,7739,42
2.81458630,91005.74957275,91372.82544917,7697,42
2.81495055,90997.89370728,91372.82544917,7696,42
2.81640812,90966.50418091,91368.00541199,7692,42
2.83294298,90948.88336182,91155.04875595,7647,42
2.83405261,90924.68161011,91151.81572618,7644,42
2.83442249,90855.09411621,91151.57697342,7643,42
2.83479237,90792.72705078,91151.52435948,7642,42
2.83590200,90760.92883301,91151.52410648,7639,42
2.84890571,90689.03872681,91128.22113178,7604,42
2.85829456,90599.61480713,90930.22276378,7579,42
2.85979823,90569.89297485,90918.73718226,7575,42
2.87227399,90469.79553223,90801.37018363,7542,42
2.87265527,90433.53735352,90785.01551298,7541,42
2.87379908,90411.94403076,90747.56929443,7538,42
2.88219246,90386.15060425,90672.68407132,7516,42
2.88257565,90380.14831543,90663.61197639,7515,42
2.88525797,90357.28524780,90643.68485632,7508,42
2.88564116,90191.04580688,90645.50746149,7507,42
2.89718927,90036.90496826,90496.37185463,7477,42
2.89796334,90031.80657959,90490.83449517,7475,42
2.93042011,89903.62365723,90216.00462000,7392,42
2.93357840,89867.33914185,90248.97182903,7384,42
2.93397318,89767.32592773,90251.77738122,7383,42
2.94632298,89707.82089233,90030.57572542,7352,42
2.94792557,89679.53451538,89990.87211313,7348,42
2.94872687,89531.68005371,89981.94469806,7346,42
2.96321316,89496.70169067,89825.72679527,7310,42
2.96361775,89359.31546021,89824.60871739,7309,42
2.96402233,89290.14855957,89824.00766999,7308,42
2.96442691,89262.27532959,89823.76349924,7307,42
3.00420906,89244.13281250,89406.59176041,7210,42
3.00462556,88945.53121948,89399.56769943,7209,42
3.00504205,88942.68893433,89393.94884205,7208,42
3.00545855,88930.14773560,89389.58861341,7207,42
3.02640392,88921.57830811,89176.28261972,7157,42
3.02682644,88812.76037598,89171.06337494,7156,42
3.02724895,88743.07232666,89167.06746593,7155,42
3.04721573,88636.58160400,88969.23495577,7108,42
3.04764431,88633.49554443,88961.15763284,7107,42
3.06570868,88574.05130005,88867.05545494,7065,42
3.06701274,88465.51577759,88803.00186700,7062,42
3.07049025,88435.74148560,88724.92737407,7054,42
3.08138460,88389.60266113,88660.92528807,7029,42
3.08225807,88372.89135742,88669.70708429,7027,42
3.09279940,88321.68948364,88499.34202566,7003,42
3.09324024,88183.11944580,88497.62038938,7002,42
3.09368108,88167.25573730,88496.59867340,7001,42
3.09412192,88110.28323364,88496.09411591,7000,42
3.10562293,88107.80770874,88466.89811110,6974,42
3.11588257,88061.62411499,88274.73267127,6951,42
3.11677664,87943.76376343,88274.60665139,6949,42
3.11722367,87911.79067993,88274.60665139,6948,42
3.11767070,87852.93740845,88274.60665139,6947,42
3.14294958,87841.40951538,87993.99980700,6891,42
3.14340494,87810.78527832,87990.10528789,6890,42
3.15114608,87809.64175415,88040.98860001,6873,42
3.15206456,87697.18325806,87986.64559635,6871,42
3.15711965,87640.47146606,87839.43216957,6860,42
3.17512262,87570.95843506,87696.09023691,6821,42
3.17652025,87473.39846802,87652.47699852,6818,42
3.17698613,87457.82269287,87642.17397983,6817,42
3.17745200,87374.41961670,87633.69954130,6816,42
3.19052774,87338.71096802,87563.13391287,6788,42
3.19852046,87333.29705811,87422.89572210,6771,42
3.19899270,87329.94458008,87414.00299500,6770,42
3.19993719,87269.70401001,87401.17236483,6768,42
3.20135392,87197.96154785,87391.65705034,6765,42
3.21556765,87170.09725952,87373.34185266,6735,42
3.21604205,87159.27398682,87375.88213012,6734,42
3.21652071,87154.89776611,87344.64104236,6733,42
3.21699936,87053.90008545,87316.68218332,6732,42
3.21747802,87002.25048828,87291.82533917,6731,42
3.21795667,86938.41152954,87269.88945711,6730,42
3.22801361,86875.06747437,87132.85167915,6709,42
3.22849441,86814.57342529,87122.60731339,6708,42
3.23714883,86801.63388062,87151.40493060,6690,42
3.23762963,86686.14422607,87154.40272860,6689,42
3.23811458,86618.19308472,87124.07333993,6688,42
3.24005501,86611.26675415,87029.39221061,6684,42
3.25171203,86543.99288940,86882.64496536,6660,42
3.25219930,86451.31744385,86880.88693711,6659,42
3.27279594,86396.85815430,86665.30418570,6617,42
3.27773375,86367.95352173,86684.00082200,6607,42
3.28667269,86302.75958252,86514.41430559,6589,42
3.28717084,86149.11590576,86510.46040354,6588,42
3.28766898,86085.00430298,86507.67020133,6587,42
3.29865874,86079.56259155,86455.17746782,6565,42
3.31630388,86045.51654053,86220.59778540,6530,42
3.32035934,85938.26651001,86234.33468767,6522,42
3.33259940,85930.03552246,86061.68162332,6498,42
3.33362211,85844.30252075,86061.59322441,6496,42
3.33926590,85732.37237549,85995.46541853,6485,42
3.35319690,85719.95687866,85841.78836421,6458,42
3.35526901,85572.91702271,85840.29188171,6454,42
3.35578703,85547.43750000,85840.29188171,6453,42
3.35734472,85516.24166870,85814.08387192,6450,42
3.35786498,85467.11340332,85801.62711137,6449,42
3.37510011,85465.68893433,85619.94252406,6416,42
3.37877611,85318.79785156,85597.77050423,6409,42
3.38088405,85313.73745728,85559.20113780,6405,42
3.39516576,85255.53637695,85405.67350333,6378,42
3.39622875,85181.03439331,85400.01225599,6376,42
3.39676024,85058.59588623,85398.63799636,6375,42
3.39729174,84821.13378906,85397.95007105,6374,42
3.42787923,84770.36022949,85121.00886899,6317,42
3.43983638,84717.60186768,84956.55050545,6295,42
3.44147179,84530.21536255,84955.08681091,6292,42
3.44256206,84527.32797241,84955.08651091,6290,42
3.45737132,84507.30145264,84783.14408586,6263,42
3.45847536,84383.19528198,84760.65347735,6261,42
3.47009089,84212.82333374,84670.91304209,6240,42
3.48402089,84180.65457153,84512.68659731,6215,42
3.48513879,84102.43905640,84512.48382552,6213,42
3.50710767,84042.20312500,84291.18248282,6174,42
3.50767359,83911.44403076,84291.18248282,6173,42
3.50824149,83826.78308105,84275.91408809,6172,42
3.52649055,83813.66464233,84071.27475473,6140,42
3.52706349,83656.81072998,84070.32563967,6139,42
3.54202662,83634.25933838,83956.52958447,6113,42
3.54260662,83582.31948853,83934.81484919,6112,42
3.54318662,83539.41433716,83916.22042678,6111,42
3.54608661,83539.04187012,83861.60162740,6106,42
3.54666661,83522.89562988,83856.66025434,6105,42
3.56707445,83492.48870850,83647.80114020,6070,42
3.56766155,83432.09057617,83640.94615705,6069,42
3.56883575,83399.25714111,83632.14533785,6067,42
3.56942285,83245.63543701,83629.70800529,6066,42
3.58178906,83087.79565430,83593.66983633,6045,42
3.59187833,82991.37637329,83406.62168138,6028,42
3.59306682,82978.13793945,83405.97932302,6026,42
3.60679934,82805.19442749,83295.22695877,6003,42
3.60920508,82750.51266479,83224.01320499,5999,42
3.62065163,82736.96972656,83118.68069732,5980,42
3.64375851,82696.89657593,82903.52401448,5942,42
3.64436959,82629.54486084,82907.93810806,5941,42
3.65111444,82579.16925049,82814.74611225,5930,42
3.65296226,82503.85656738,82772.20704679,5927,42
3.66530581,82331.69778442,82681.59678540,5907,42
3.67711208,82301.60012817,82525.43162957,5888,42
3.67773534,82261.64245605,82523.02994097,5887,42
3.68210392,82171.00860596,82482.46718553,5880,42
3.68961241,82167.04937744,82482.60410540,5868,42
3.69023811,82166.06863403,82488.31680568,5867,42
3.69086382,82131.09307861,82493.64251236,5866,42
3.69149003,82084.84390259,82494.08060592,5865,42
3.69527375,82034.96890259,82348.08779691,5859,42
3.70347662,81994.88763428,82266.17696282,5846,42
3.71424844,81951.28637695,82214.18898681,5829,42
3.71552448,81882.88690186,82164.73573326,5827,42
3.71616251,81855.02908325,82145.29334371,5826,42
3.72830220,81818.26168823,82012.02909997,5807,42
3.73987149,81711.98458862,81881.07192393,5789,42
3.74051696,81567.23056030,81873.07432493,5788,42
3.75475310,81438.25326538,81820.13283987,5766,42
3.76061821,81305.93585205,81674.37490363,5757,42
3.77501379,81281.81024170,81586.22194378,5735,42
3.77566926,81273.46020508,81592.04830995,5734,42
3.77632473,81162.94400024,81598.01366799,5733,42
3.78754140,81111.13708496,81414.35108065,5716,42
3.78952615,80975.86358643,81390.32349068,5713,42
3.80013951,80862.49923706,81353.89901210,5697,42
3.81083078,80743.42807007,81176.87637112,5681,42
3.82223990,80692.34387207,81109.66778233,5664,42
3.82291559,80389.94934082,81082.10662889,5663,42
3.86445949,80346.53448486,80714.79444121,5602,42
3.87344334,80246.80270386,80529.65709534,5589,42
3.87413441,80209.33636475,80529.16128584,5588,42
3.87551808,80095.26235962,80516.93237907,5586,42
3.88732052,80062.72811890,80434.82327118,5569,42
3.88801934,79863.96029663,80408.38599661,5568,42
3.91328025,79758.68975830,80106.09838190,5532,42
3.93386366,79749.86322021,79899.67778132,5503,42
3.93957922,79740.82565308,79865.16478884,5495,42
3.94029501,79725.85882568,79854.53264247,5494,42
3.94961688,79717.69226074,79827.60292640,5481,42
3.95033395,79591.29956055,79833.67630732,5480,42
3.95105339,79528.92907715,79819.89751610,5479,42
3.95177572,79277.14077759,79786.26709073,5478,42
3.95394269,79128.45040894,79711.52066748,5475,42
3.96696428,79119.99707031,79578.03745096,5457,42
3.99693665,79065.45230103,79275.57480943,5416,42
3.99767486,79063.82122803,79256.94067206,5415,42
4.00876250,79050.56887817,79137.44780555,5400,42
4.01024426,78933.76242065,79135.81280319,5398,42
4.01543042,78905.53979492,79171.03470297,5391,42
4.01990689,78767.24880981,79023.18929181,5385,42
4.03036836,78746.62713623,78916.66269734,5371,42
4.03111726,78678.44216919,78914.65246535,5370,42
4.03336397,78485.70953369,78920.78910721,5367,42
4.03411288,78336.44555664,78925.70754229,5366,42
4.04842388,78176.16915894,78747.21611178,5347,42
4.08734287,78162.85650635,78329.08477992,5296,42
4.09815457,77899.85357666,78258.53845546,5282,42
4.09892781,77823.23477173,78263.36323964,5281,42
4.12308177,77796.09252930,78063.54869645,5250,42
4.12622584,77751.11871338,77964.10906489,5246,42
4.13883199,77702.37326050,77814.43051057,5230,42
4.14120101,77686.50823975,77817.74428526,5227,42
4.14199068,77587.63247681,77822.27429173,5226,42
4.15787848,77486.59951782,77618.34322966,5206,42
4.15867643,77481.03848267,77607.40699259,5205,42
4.15947439,77359.90667725,77599.98108402,5204,42
4.16186825,77217.88180542,77594.86300114,5201,42
4.17549341,76923.35983276,77443.02405098,5184,42
4.18919817,76893.90393066,77372.91507708,5167,42
4.19001002,76875.22918701,77340.89540210,5166,42
4.20219805,76819.51492310,77166.85087715,5151,42
4.20301270,76694.18469238,77160.52319748,5150,42
4.22430289,76503.46029663,76944.55458645,5124,42
4.22512595,76395.45611572,76940.06476294,5123,42
4.26082886,76376.01330566,76575.59413741,5080,42
4.26166604,76374.74954224,76571.84070816,5079,42
4.27005814,76368.79824829,76504.13801286,5069,42
4.27089815,76284.72552490,76507.01598798,5068,42
4.27257819,76165.76022339,76517.25070675,5066,42
4.28355700,76154.12902832,76354.02768697,5053,42
4.28440271,75985.01898193,76352.29292171,5052,42
4.28609558,75865.49359131,76340.17332883,5050,42
4.30909740,75840.85705566,76095.59625340,5023,42
4.32543223,75786.67810059,75927.78587021,5004,42
4.33148115,75624.69317627,75869.15607584,4997,42
4.33581003,75584.69226074,75858.06009494,4992,42
4.34362819,75571.47778320,75756.12906087,4983,42
4.34711441,75501.81723022,75711.95960404,4979,42
4.34885751,75473.33395386,75705.13128087,4977,42
4.34972906,75462.56234741,75703.97469603,4976,42
4.35584768,75459.18014526,75638.97747202,4969,42
4.35672213,75422.70013428,75640.16407584,4968,42
4.36197334,75418.11859131,75639.84928615,4962,42
4.37077588,75267.90139771,75489.65500634,4952,42
4.37165614,75115.53933716,75488.85360115,4951,42
4.37253784,74968.81314087,75477.41796358,4950,42
4.38758238,74936.02743530,75313.15444485,4933,42
4.38847138,74850.86962891,75300.06623493,4932,42
4.40809994,74750.23202515,75120.54644645,4910,42
4.40899772,74692.91915894,75102.71464429,4909,42
4.40989551,74684.02117920,75088.76648123,4908,42
4.43697022,74661.66842651,74846.08455892,4878,42
4.44515634,74601.56747437,74793.45386655,4869,42
4.45337905,74540.04885864,74659.61153639,4860,42
4.45979156,74485.28802490,74606.25354575,4853,42
4.46071002,74398.33084106,74591.36814663,4852,42
4.47452029,74297.22805786,74453.86457014,4837,42
4.47544469,74046.00592041,74442.36806363,4836,42
4.47636910,74040.56295776,74434.04025596,4835,42
4.49866376,73989.14675903,74218.21342079,4811,42
4.51176295,73960.11767578,74170.25287575,4797,42
4.51646978,73954.12399292,74053.35650364,4792,42
4.51929689,73775.09356689,74014.20026180,4789,42
4.53062850,73774.70556641,73941.22084378,4777,42
4.53251927,73715.27896118,73952.83508416,4775,42
4.53631449,73647.63461304,73886.68610531,4771,42
4.54583142,73554.84732056,73770.12428588,4761,42
4.55346696,73550.62408447,73738.05344695,4753,42
4.56209693,73446.23153687,73598.48656651,4744,42
4.56593896,73273.11959839,73581.05165895,4740,42
4.56690051,73155.19854736,73572.70177830,4739,42
4.59594789,73096.41595459,73315.34870065,4709,42
4.60963224,73062.31378174,73163.80340420,4695,42
4.61159552,72906.56314087,73127.20245580,4693,42
4.63031187,72829.81036377,72956.94669605,4674,42
4.63229072,72554.84106445,72935.98523401,4672,42
4.63328184,72499.94052124,72918.69829330,4671,42
4.65517355,72416.86602783,72708.09129391,4649,42
4.67525405,72349.35238647,72528.52758747,4629,42
4.67727349,72259.02322388,72496.19918980,4627,42
4.68535122,72256.45520020,72507.59052541,4619,42
4.69652727,72219.07678223,72330.63034637,4608,42
4.69754635,72169.22619629,72309.97259003,4607,42
4.69856543,72006.87597656,72294.73135627,4606,42
4.69958451,71874.95593262,72284.34347866,4605,42
4.71184294,71754.50317383,72170.02878397,4593,42
4.74381328,71703.85330200,71869.95545204,4562,42
4.75839379,71702.56832886,71731.10192690,4548,42
4.75943805,71553.16757202,71727.57611642,4547,42
4.76048231,71470.31695557,71726.06891893,4546,42
4.76152803,71234.53790283,71714.78443422,4545,42
4.77727219,71184.27969360,71551.53264447,4530,42
4.78676863,71147.01177979,71465.77737622,4521,42
4.79948844,71046.56604004,71342.55383945,4509,42
4.80055179,71035.14071655,71333.01445099,4508,42
4.81869360,70887.44332886,71178.13434387,4491,42
4.83050998,70778.51257324,71061.15132685,4480,42
4.83913397,70679.02902222,71004.49435551,4472,42
4.85213913,70399.54458618,70860.94662705,4460,42
4.87396304,70378.80206299,70660.89266211,4440,42
4.89377371,70277.76351929,70472.46461854,4422,42
4.89708961,70197.57476807,70461.65599634,4419,42
4.89819491,70180.61886597,70464.88124712,4418,42
4.90595817,70088.82434082,70365.51950248,4411,42
4.90706999,70041.63397217,70349.69700630,4410,42
4.91932062,70000.61972046,70265.18539681,4399,42
4.93163650,69960.74087524,70129.87184113,4388,42
4.93275815,69885.55807495,70126.94291706,4387,42
4.95078902,69869.59576416,69950.07642592,4371,42
4.95192054,69669.55932617,69940.30124670,4370,42
4.96552782,69597.53170776,69887.96390404,4358,42
4.96666461,69548.00469971,69881.16744783,4357,42
4.98838692,69542.06701660,69681.33816766,4338,42
4.98953830,69342.05148315,69644.15658784,4337,42
4.99990409,69282.31539917,69515.28407972,4328,42
5.01146222,69178.95648193,69440.48938351,4318,42
5.02308386,69114.46176147,69299.74225426,4308,42
5.02424858,69052.10855103,69290.39896860,4307,42
5.03709451,68964.56079102,69172.50564049,4296,42
5.04882834,68898.49551392,69092.95129005,4286,42
5.05000311,68870.54733276,69097.26296374,4285,42
5.06890659,68818.99349976,68899.39771960,4269,42
5.07009147,68529.48028564,68899.63289737,4268,42
5.08555939,68469.48541260,68757.56000144,4255,42
5.09272949,68369.79394531,68710.65574034,4249,42
5.10954407,68347.63363647,68530.75759324,4235,42
5.11074927,68319.83178711,68521.38000162,4234,42
5.11195447,68181.10583496,68516.88957511,4233,42
5.13253855,67901.91271973,68330.17513682,4216,42
5.14961290,67753.26199341,68194.51417649,4202,42
5.17544378,67664.55615234,67953.68645731,4181,42
5.19156279,67578.80847168,67819.20535379,4168,42
5.19529731,67237.82745361,67781.88344612,4165,42
5.23167433,67193.60562134,67463.85409615,4136,42
5.23293806,67030.53063965,67453.39428161,4135,42
5.24941420,66972.34976196,67343.19148081,4122,42
5.27497810,66870.95190430,67092.05837494,4102,42
5.28784766,66796.34268188,67021.22528877,4092,42
5.29430983,66716.17678833,66938.29449271,4087,42
5.29949094,66541.89715576,66890.37533462,4083,42
5.31639412,66510.79498291,66746.76638623,4070,42
5.33603069,66486.20004272,66601.87415613,4055,42
5.33866374,66335.99752808,66554.36108264,4053,42
5.35052881,66137.20608521,66465.76519523,4044,42
5.37175385,66080.19128418,66284.12122388,4028,42
5.39180648,65744.84552002,66107.64537435,4013,42
5.39448955,65683.80017090,66103.74933925,4011,42
5.40525789,65559.41815186,65992.15591284,4003,42
5.40660662,65453.72302246,65983.83376817,4002,42
5.41065640,65442.25234985,65954.30465170,3999,42
5.44738730,65400.97814941,65643.68768231,3972,42
5.46248809,65317.90292358,65579.44824155,3961,42
5.47353417,65311.39318848,65441.76368724,3953,42
5.47491757,65273.22766113,65426.85733714,3952,42
5.47768747,65194.53900146,65394.73943126,3950,42
5.49017962,65026.73355103,65292.89195111,3941,42
5.49993644,65003.20349121,65213.84984315,3934,42
5.50272827,65000.52468872,65210.57494843,3932,42
5.50412419,64965.05718994,65215.23631376,3931,42
5.51674076,64758.54309082,65087.73896626,3922,42
5.51955304,64588.14550781,65053.25526974,3920,42
5.54923480,64576.96002197,64873.88804611,3899,42
5.56063520,64436.12567139,64735.05120895,3891,42
5.57638083,64151.88925171,64593.53601946,3880,42
5.61540057,64019.02313232,64330.10343790,3853,42
5.62561314,63967.49743652,64211.54216846,3846,42
5.64467026,63958.09939575,64047.88093112,3833,42
5.64614037,63830.93945312,64044.33192467,3832,42
5.64761205,63799.01171875,64032.63771136,3831,42
5.65941120,63728.44055176,63965.00572199,3823,42
5.67423953,63635.49407959,63819.90192410,3813,42
5.67572470,63493.06915283,63820.73946726,3812,42
5.69063442,63271.95962524,63694.12954187,3802,42
5.73128551,63249.06179810,63366.36673963,3775,42
5.74039627,63033.07049561,63311.51982848,3769,42
5.75412004,62955.53207397,63195.23347677,3760,42
5.77098267,62810.88183594,63056.00997199,3749,42
5.79258718,62684.56243896,62889.12134188,3735,42
5.80189667,62643.09664917,62816.13922286,3729,42
5.80500453,62580.66226196,62809.03744296,3727,42
5.80655846,62549.89187622,62813.16787083,3726,42
5.81747772,62381.87603760,62698.34662165,3719,42
5.81903938,62357.52883911,62694.57687742,3718,42
5.83943269,62315.15148926,62531.73952926,3705,42
5.84100600,62279.77468872,62528.86697913,3704,42
5.84573645,62230.73336792,62481.69112231,3701,42
5.85996908,62077.73876953,62371.52697047,3692,42
5.87267258,61911.30664062,62323.59603140,3684,42
5.90469479,61776.24298096,62038.62636037,3664,42
5.91921294,61731.52252197,61951.09595590,3655,42
5.92083324,61607.80902100,61921.55349945,3654,42
5.94357908,61438.77719116,61743.92860407,3640,42
5.95828973,61345.98806763,61668.55016245,3631,42
5.98463037,61334.38891602,61455.31584768,3615,42
5.98628637,61061.86538696,61428.81863618,3614,42
6.00287071,61045.97259521,61354.65376535,3604,42
6.00453552,60976.11831665,61332.05576894,3603,42
6.02961315,60775.92941284,61108.54022146,3588,42
6.04812891,60751.29995728,61005.08393892,3577,42
6.06337148,60611.21633911,60865.41414259,3568,42
6.06506759,60587.35104370,60866.81116319,3567,42
6.07527711,60341.65991211,60768.72549427,3561,42
6.11126636,60339.95376587,60566.13019987,3540,42
6.11299348,60216.65151978,60532.40703359,3539,42
6.12336715,60127.51721191,60428.51317949,3533,42
6.13724730,60103.58447266,60329.05806894,3525,42
6.13898810,60070.13989258,60309.00923699,3524,42
6.14944571,59947.77212524,60240.66580733,3518,42
6.16169224,59922.48544312,60145.49136151,3511,42
6.16695468,59901.51763916,60113.64663235,3508,42
6.17926843,59798.85241699,60038.48189452,3501,42
6.18103385,59653.63479614,60012.55235345,3500,42
6.20227376,59572.93548584,59863.71343629,3488,42
6.20405155,59433.07321167,59844.51258149,3487,42
6.23979402,59349.42575073,59634.07575792,3467,42
6.24880077,59341.96768188,59529.21480079,3462,42
6.25963434,59153.50698853,59475.69635830,3456,42
6.28141959,59035.20501709,59324.93838506,3444,42
6.29602929,58967.62823486,59207.47538952,3436,42
6.31622683,58930.33914185,59069.55313245,3425,42
6.31806993,58910.93322754,59051.81247019,3424,42
6.33099677,58630.03244019,58969.68099432,3417,42
6.34769429,58545.81066895,58880.53745046,3408,42
6.37385055,58255.63754272,58678.24013176,3394,42
6.40779862,58222.48828125,58433.07588492,3376,42
6.42490554,58140.24777222,58328.88347112,3367,42
6.43253831,58130.54351807,58284.83115817,3363,42
6.44786129,58066.83798218,58164.38206762,3355,42
6.44978234,57877.70211792,58146.96269704,3354,42
6.47098130,57842.78030396,58004.59327741,3343,42
6.48454406,57672.98342896,57913.99375101,3336,42
6.50597276,57641.13766479,57771.42645857,3325,42
6.50792833,57466.63037109,57757.06993793,3324,42
6.52360659,57459.54904175,57685.44657555,3316,42
6.54727690,57437.43231201,57507.16856183,3304,42
6.54925856,57314.59164429,57484.17365683,3303,42
6.56116308,57184.46853638,57417.57238743,3297,42
6.56912374,57166.10366821,57361.42715157,3293,42
6.57710492,57149.45675659,57306.66310534,3289,42
6.59312507,57078.94161987,57194.60041940,3281,42
6.59513300,56822.47604370,57183.06452994,3280,42
6.64369268,56705.74487305,56866.27000973,3256,42
6.65184809,56684.56063843,56865.79944020,3252,42
6.65594337,56615.60971069,56793.07702992,3250,42
6.66413729,56585.54858398,56737.28538071,3246,42
6.68058494,56542.47155762,56627.32554167,3238,42
6.68470797,56514.03240967,56610.67787832,3236,42
6.68677339,56441.06384277,56588.72078928,3235,42
6.69710955,56416.23812866,56545.29370971,3230,42
6.70333255,56377.45443726,56483.59063841,3227,42
6.70748483,56360.93508911,56458.44839755,3225,42
6.70956363,56244.58029175,56442.59209541,3224,42
6.72832499,55971.22714233,56329.19335181,3215,42
6.76405302,55846.11672974,56101.92055308,3198,42
6.76616772,55637.34561157,56082.05935194,3197,42
6.81300046,55576.75213623,55796.16388184,3175,42
6.81514504,55561.75918579,55779.22398178,3174,42
6.83234840,55441.26278687,55667.38284762,3166,42
6.84746695,55389.79861450,55606.60929039,3159,42
6.84963608,55149.64764404,55571.01686998,3158,42
6.87573770,55024.32049561,55398.43720056,3146,42
6.91305084,54992.42730713,55192.31296869,3129,42
6.92189242,54977.63201904,55126.71287329,3125,42
6.93296860,54689.54110718,55092.50956549,3120,42
6.94631990,54644.54052734,54965.36375964,3114,42
6.97990569,54344.56674194,54768.30241570,3099,42
6.99794707,54230.01296997,54695.32892767,3091,42
7.05495581,54219.73214722,54310.73766726,3066,42
7.06415842,54070.03875732,54280.64742035,3062,42
7.07570467,54054.29360962,54187.82318118,3057,42
7.07801759,53958.06500244,54176.21466779,3056,42
7.11523175,53930.86987305,53959.66993633,3040,42
7.12693588,53799.21884155,53930.41493959,3035,42
7.13163649,53736.94088745,53861.61422339,3033,42
7.13869028,53565.73403931,53822.88080612,3030,42
7.14340134,53547.90127563,53792.81322119,3028,42
7.15756993,53519.65893555,53707.99617400,3022,42
7.17416983,53427.92507935,53616.60030640,3015,42
7.17654920,53223.57070923,53594.47367453,3014,42
7.22926490,53139.25473022,53292.26885973,2992,42
7.23409081,52996.74374390,53297.30609069,2990,42
7.26321694,52970.51373291,53094.57666842,2978,42
7.26565402,52864.44970703,53083.83154317,2977,42
7.28276071,52700.14849854,52988.53680646,2970,42
7.30734142,52681.09466553,52843.51758448,2960,42
7.31227665,52548.59613037,52819.44187456,2958,42
7.32464376,52535.07678223,52759.03902596,2953,42
7.33705690,52513.75012207,52677.74051726,2948,42
7.35700215,52238.92526245,52563.97882402,2940,42
7.39974803,52197.72830200,52325.59391941,2923,42
7.40987449,52181.94784546,52291.87495713,2919,42
7.41241422,52143.85198975,52259.42722757,2918,42
7.42512503,51928.57388306,52191.98710501,2913,42
7.44811321,51890.60339355,52073.36424264,2904,42
7.45837870,51776.40539551,52000.00075400,2900,42
7.49192807,51766.99017334,51837.13750086,2887,42
7.49971615,51555.58331299,51775.71276729,2884,42
7.50231550,51496.94610596,51760.05936994,2883,42
7.53364179,51388.75991821,51599.79194421,2871,42
7.57052309,51335.58074951,51398.71207629,2857,42
7.57847174,51293.42056274,51368.63120837,2854,42
7.58910090,51220.96667480,51291.39683960,2850,42
7.59975469,51214.78268433,51251.95857904,2846,42
7.60241939,51155.38391113,51261.31683168,2845,42
7.61311821,51045.78344727,51171.58035642,2841,42
7.62921626,50975.33953857,51078.42929057,2835,42
7.65619608,50781.60119629,50941.85777314,2825,42
7.66975644,50670.65121460,50878.38976061,2820,42
7.67247708,50599.79122925,50849.08698891,2819,42
7.68609514,50563.55294800,50792.76385024,2814,42
7.70250534,50527.10589600,50689.44660855,2808,42
7.70524646,50411.95178223,50678.80187520,2807,42
7.72724852,50411.68148804,50565.18754281,2799,42
7.73829736,50322.87847900,50501.93385507,2795,42
7.74106420,50230.33456421,50490.07189593,2794,42
7.75492470,50224.92376709,50444.02452898,2789,42
7.76605668,50098.04196167,50360.91566808,2785,42
7.78280902,50045.47595215,50270.78881521,2779,42
7.80244397,49979.98162842,50170.95934304,2772,42
7.81934840,49956.44219971,50115.57999942,2766,42
7.82500649,49953.98684692,50053.66974433,2764,42
7.83350109,49906.05215454,50011.00942999,2761,42
7.83633535,49831.02246094,50006.46157354,2760,42
7.85909332,49820.86779785,49897.53249447,2752,42
7.87052480,49687.79238892,49823.70833929,2748,42
7.89636264,49419.15197754,49692.19656580,2739,42
7.93980521,49396.28713989,49473.13186587,2724,42
7.95439261,49275.81701660,49399.24839175,2719,42
7.96317093,49236.67004395,49355.96467804,2716,42
7.97784437,49176.44128418,49282.73501126,2711,42
7.98667384,49034.45370483,49244.14376586,2708,42
7.99847848,48949.07543945,49179.42454958,2704,42
8.02219102,48938.61581421,49065.55424545,2696,42
8.03409541,48907.38815308,49037.73257227,2692,42
8.04604441,48724.76049805,48952.01333499,2688,42
8.06102587,48681.41235352,48874.79987420,2683,42
8.07606015,48670.79269409,48821.21955078,2678,42
8.08813264,48571.35064697,48746.13012487,2674,42
8.09115675,48570.06716919,48725.14731685,2673,42
8.10327074,48547.32781982,48672.70239030,2669,42
8.11238230,48235.67938232,48622.65085835,2666,42
8.16747614,48209.43963623,48365.85268715,2648,42
8.17673321,48146.15960693,48313.51567248,2645,42
8.17982342,48118.60684204,48297.54056446,2644,42
8.19220618,48097.65454102,48236.75353525,2640,42
8.20773154,47992.39187622,48199.21585578,2635,42
8.23897693,47927.26885986,48019.44286356,2625,42
8.24525402,47889.24670410,47987.51914348,2623,42
8.26098674,47793.13018799,47916.92141208,2618,42
8.26414160,47726.38385010,47895.91962408,2617,42
8.28311444,47590.07177734,47814.96744603,2611,42
8.31812672,47520.68328857,47656.30207170,2600,42
8.32772936,47498.67065430,47600.72948527,2597,42
8.33093503,47478.83984375,47583.53930446,2596,42
8.34378033,47205.23477173,47522.39928560,2592,42
8.37282767,47073.60003662,47388.16264084,2583,42
8.38255203,47015.98614502,47360.08986591,2580,42
8.39881611,46940.98638916,47281.02712697,2575,42
8.44139706,46919.71981812,47082.48490852,2562,42
8.45789034,46803.19558716,46999.94034906,2557,42
8.46781246,46794.75161743,46979.55889344,2554,42
8.49106715,46767.24401855,46860.84602515,2547,42
8.50441408,46643.68151855,46789.68826431,2543,42
8.51444945,46629.86248779,46746.26927673,2540,42
8.52786747,46625.38888550,46690.97046803,2536,42
8.53796026,46346.53152466,46636.37698162,2533,42
8.57177042,46333.98519897,46498.04575395,2523,42
8.57516259,46307.48263550,46503.12720087,2522,42
8.58877897,46111.04455566,46409.74902525,2518,42
8.62643236,45980.83779907,46243.87831812,2507,42
8.64711036,45880.61572266,46151.76109424,2501,42
8.66441587,45826.19512939,46085.98793701,2496,42
8.67831314,45763.64721680,46020.70423730,2492,42
8.69225406,45737.78979492,45957.51965948,2488,42
8.73434678,45613.38888550,45772.29610170,2476,42
8.75200498,45588.75695801,45699.90718209,2471,42
8.75554638,45389.49768066,45680.24832075,2470,42
8.76973135,45303.35800171,45649.81603518,2466,42
8.78753796,45267.65188599,45553.16504383,2461,42
8.81976751,45220.84979248,45404.71241129,2452,42
8.82336159,45180.38922119,45397.80114020,2451,42
8.85223150,45121.79440308,45276.80797219,2443,42
8.86673755,44924.08428955,45213.56222144,2439,42
8.89954696,44828.87823486,45095.93681906,2430,42
8.94367901,44670.06784058,44903.16898183,2418,42
8.96219674,44519.50946045,44826.30873269,2413,42
8.99946601,44315.90707397,44651.58653041,2403,42
9.04081782,44233.58319092,44484.46212554,2392,42
9.08636603,44051.09631348,44295.81287219,2380,42
9.12467412,43882.56320190,44144.16602483,2370,42
9.12852326,43869.09667969,44125.51078249,2369,42
9.16330750,43732.45852661,43987.32610867,2360,42
9.22187212,43627.67526245,43773.59343541,2345,42
9.24156364,43498.10305786,43684.45514354,2340,42
9.25737725,43365.93414307,43612.94874905,2336,42
9.28916119,43342.67230225,43507.25151075,2328,42
9.32117103,43253.97338867,43365.67651432,2320,42
9.32518813,43185.64004517,43346.74965425,2319,42
9.34935795,43058.23269653,43260.82921817,2313,42
9.38178338,43042.20913696,43125.82964117,2305,42
9.38585126,43039.08554077,43115.29508970,2304,42
9.38992446,42994.19177246,43095.68649031,2303,42
9.40216278,42839.66629028,43047.58833241,2300,42
9.42673522,42748.85507202,42955.36511963,2294,42
9.45969599,42701.75357056,42848.99233801,2286,42
9.47626852,42658.93167114,42765.14500285,2282,42
9.50122902,42615.73992920,42681.53460847,2276,42
9.51794581,42554.35308838,42606.55611144,2272,42
9.53471928,42490.54461670,42545.36569263,2268,42
9.54733345,42361.40951538,42525.16464284,2265,42
9.56421592,42357.00881958,42437.07820292,2261,42
9.57267660,42345.65182495,42406.62825037,2259,42
9.58539745,42257.44735718,42356.74328826,2256,42
9.60241001,42242.70004272,42293.56302544,2252,42
9.61520818,42237.35131836,42251.15475185,2249,42
9.61948398,42042.04748535,42226.78090822,2248,42
9.65381023,41817.05151367,42118.84964115,2240,42
9.67107028,41811.47760010,42038.01962598,2236,42
9.68838830,41788.31958008,41977.75466125,2232,42
9.69706853,41612.40039062,41960.16490384,2230,42
9.74949674,41600.37707520,41750.50518549,2218,42
9.77150818,41568.91387939,41671.25977674,2213,42
9.78918828,41493.43499756,41610.95292905,2209,42
9.80692948,41482.36328125,41568.63263337,2205,42
9.82028539,41354.34722900,41495.47835952,2202,42
9.84709511,41271.38104248,41411.26774973,2196,42
9.87856321,41170.20040894,41287.34159866,2189,42
9.88307403,41141.50717163,41275.38244962,2188,42
9.90116239,41122.29718018,41207.98088802,2184,42
9.91476670,41108.93508911,41186.06667393,2181,42
9.92386504,40980.04812622,41129.70331130,2179,42
9.93297430,40974.83392334,41104.45250955,2177,42
9.94667182,40859.10205078,41052.73641726,2174,42
9.96040554,40857.24826050,41009.52400348,2171,42
9.96958469,40828.57177734,40970.52959047,2169,42
9.99260370,40732.95095825,40887.29721470,2164,42
10.01572891,40612.12493896,40806.40267560,2159,42
10.05762494,40537.23501587,40661.83154917,2150,42
10.07635731,40491.65481567,40602.46455154,2146,42
10.09987302,40473.35211182,40518.24850575,2141,42
10.10458893,40451.30331421,40504.61946438,2140,42
10.12349860,40279.29266357,40435.71258629,2136,42
10.13297722,40176.13720703,40415.03638096,2134,42
10.19024099,40126.47680664,40211.80149420,2122,42
10.19503801,39978.89224243,40216.24972375,2121,42
10.23361402,39918.55300903,40066.44355756,2113,42
10.25786847,39834.02380371,39994.64937235,2108,42
10.29202245,39617.56939697,39873.30277070,2101,42
10.33133441,39581.78128052,39739.43552556,2093,42
10.37592048,39429.49206543,39592.87208513,2084,42
10.42591430,39249.98406982,39430.06058394,2074,42
10.44100655,39057.51861572,39381.23622776,2071,42
10.49163148,38993.71951294,39218.38660461,2061,42
10.53761469,38977.86566162,39077.46641253,2052,42
10.55303307,38963.20559692,39024.82549017,2049,42
10.56849658,38737.82986450,38973.23550676,2046,42
10.59436900,38605.91412354,38894.05629994,2041,42
10.64126157,38597.09680176,38743.17698182,2032,42
10.67802133,38583.32061768,38627.79541120,2025,42
10.68856987,38515.61859131,38600.62824937,2023,42
10.69385014,38365.23901367,38594.26915473,2022,42
10.72565812,38343.86947632,38483.67943532,2016,42
10.74696700,38243.65246582,38418.70811129,2012,42
10.78984010,38196.60583496,38287.99747400,2004,42
10.80600683,38168.38647461,38233.74755225,2001,42
10.81681104,38083.29486084,38201.74483026,1999,42
10.83305708,38008.86895752,38155.98285402,1996,42
10.87115807,37939.63354492,38035.21880878,1989,42
10.89305024,37933.66360474,37968.82230218,1985,42
10.90952377,37929.04492188,37936.45180255,1982,42
10.92053931,37765.11090088,37888.47826052,1980,42
10.93157143,37747.45623779,37867.65721434,1978,42
10.97037093,37717.96643066,37745.09578390,1971,42
10.97593548,37637.61642456,37729.44036856,1970,42
10.99266456,37470.52252197,37681.45542754,1967,42
11.01504888,37432.70590210,37618.52351848,1963,42
11.03190039,37166.80624390,37554.89239311,1960,42
11.12835828,37026.86849976,37276.59427741,1943,42
11.17433830,37001.10980225,37138.55922944,1935,42
11.18589144,36983.74581909,37111.28866671,1933,42
11.19167633,36980.96234131,37098.90000310,1932,42
11.20907051,36944.94326782,37050.37505962,1929,42
11.22652115,36869.82089233,36989.05073695,1926,42
11.23818343,36864.31253052,36955.93636406,1924,42
11.24986984,36669.74792480,36925.29249271,1922,42
11.30276295,36593.44876099,36772.42839557,1913,42
11.32643132,36517.99548340,36704.14208386,1909,42
11.35615611,36489.11804199,36621.09345191,1904,42
11.37406549,36432.67620850,36573.23267077,1901,42
11.38603520,36399.04138184,36547.27732472,1899,42
11.41607581,36333.50854492,36457.24839575,1894,42
11.43417646,36298.40237427,36402.36761663,1891,42
11.45839850,36274.04113770,36337.71647928,1887,42
11.48882057,36176.61853027,36258.38445962,1882,42
11.50103614,36068.51156616,36219.08457292,1880,42
11.54399234,35992.47277832,36100.96128604,1873,42
11.56250053,35901.31774902,36050.08613591,1870,42
11.60591822,35897.32437134,35931.95259905,1863,42
11.61214709,35859.02008057,35916.74162526,1862,42
11.64966347,35660.28503418,35813.52025748,1856,42
11.70006373,35512.39859009,35678.62173638,1848,42
11.72542722,35469.70639038,35614.57870542,1844,42
11.73815116,35384.12997437,35577.61262039,1842,42
11.78932195,35352.62142944,35443.47528852,1834,42
11.80218482,35251.72094727,35407.79353221,1832,42
11.83446321,35088.10028076,35329.44802555,1827,42
11.87995076,35080.40447998,35219.26717673,1820,42
11.91922393,35014.29895020,35104.72302928,1814,42
11.93237217,34946.93978882,35068.87620112,1812,42
11.96536720,34903.92431641,34994.05510194,1807,42
11.97199015,34889.24929810,34968.71324629,1806,42
11.97861856,34661.11718750,34953.39745160,1805,42
12.06546498,34522.08795166,34731.00676999,1792,42
12.09920232,34483.94921875,34652.04859595,1787,42
12.14675723,34476.53869629,34523.40029260,1780,42
12.16040991,34396.07345581,34501.63768736,1778,42
12.18095145,34290.90347290,34446.36928663,1775,42
12.24992368,34095.49829102,34278.04697995,1765,42
12.29168245,34073.12109375,34182.36840863,1759,42
12.30567003,34059.39843750,34129.90436510,1757,42
12.32670497,34010.85739136,34078.66616733,1754,42
12.34076826,33949.98385620,34044.44887255,1752,42
12.35486130,33795.83554077,34021.83014817,1750,42
12.39024363,33752.64245605,33925.60760139,1745,42
12.41156908,33647.84051514,33874.56381444,1742,42
12.47598857,33628.68890381,33720.66141834,1733,42
12.49039502,33524.76235962,33685.91418109,1731,42
12.51206725,33390.97695923,33634.17111883,1728,42
12.57022809,33261.73422241,33503.12853287,1720,42
12.61420538,33238.09365845,33402.37310363,1714,42
12.64369796,33205.84872437,33321.73759126,1710,42
12.70309091,33012.50714111,33196.60627439,1702,42
12.74050043,33010.66232300,33099.36180764,1697,42
12.78567964,32868.96081543,33000.10711289,1691,42
12.80081214,32842.87588501,32960.17080683,1689,42
12.82357685,32834.80856323,32907.03641496,1686,42
12.83117969,32776.60485840,32904.27035473,1685,42
12.87700818,32615.09716797,32794.02605297,1679,42
12.95412116,32603.80200195,32611.93312607,1669,42
12.96187957,32532.22817993,32609.45342955,1668,42
12.97743474,32461.65676880,32560.86458714,1666,42
12.99302356,32444.05419922,32527.64421436,1664,42
13.00865010,32389.60818481,32493.19825480,1662,42
13.04001744,32343.14559937,32420.78285322,1658,42
13.05575754,32202.50558472,32386.04331696,1656,42
13.12706115,32188.04415894,32229.13755986,1647,42
13.15100210,32005.96249390,32178.81164519,1644,42
13.18306032,31990.53634644,32107.66991633,1640,42
13.23953856,31919.56719971,31991.42623957,1633,42
13.28017962,31808.50531006,31898.81264919,1628,42
13.29650489,31720.65496826,31866.29432371,1626,42
13.32107010,31720.43606567,31810.16991583,1623,42
13.35396317,31564.25573730,31743.83298217,1619,42
13.38702113,31561.58828735,31670.35358065,1615,42
13.41192042,31445.00186157,31622.74963525,1612,42
13.47038405,31434.20761108,31496.67877832,1605,42
13.48718197,31358.52059937,31459.81095319,1603,42
13.52090126,31316.42889404,31397.27377273,1599,42
13.54630222,31226.49002075,31346.82883617,1596,42
13.60594741,30963.73986816,31218.08395992,1589,42
13.70942628,30894.40420532,31003.31497069,1577,42
13.77928998,30884.53338623,30867.04161896,1569,42
13.78807411,30742.60211182,30845.07079893,1568,42
13.81449061,30714.03259277,30794.47877052,1565,42
13.85874478,30536.77856445,30705.96345604,1560,42
13.88543406,30426.40814209,30651.82119418,1557,42
13.96612085,30419.66067505,30494.85473915,1548,42
13.97514293,30398.07659912,30482.08278192,1547,42
14.01135458,30267.87149048,30403.58594441,1543,42
14.04775270,30252.42343140,30332.34591565,1539,42
14.06602136,30205.45562744,30302.37382263,1537,42
14.07517526,30171.63696289,30280.86375614,1536,42
14.12111951,29950.08758545,30190.28506371,1531,42
14.20457832,29912.02505493,30032.87239213,1522,42
14.24198949,29886.13693237,29959.94859305,1518,42
14.27017703,29697.99728394,29907.37176163,1515,42
14.31740551,29649.76336670,29818.39153361,1510,42
14.34589094,29634.80508423,29772.45769054,1507,42
14.38405245,29503.65008545,29696.67297533,1503,42
14.46098622,29331.21606445,29550.73670226,1495,42
14.49976177,29317.54721069,29481.10159690,1491,42
14.55831646,29309.79196167,29378.96069704,1485,42
14.60747659,29219.03588867,29285.30391470,1480,42
14.63713220,29171.77603149,29230.59995940,1477,42
14.66690647,29073.83914185,29183.88157912,1474,42
14.70679862,28973.62890625,29105.40580259,1470,42
14.74690696,28858.08459473,29032.39075161,1466,42
14.80748081,28752.95333862,28926.06525393,1460,42
14.88902483,28707.56539917,28783.13617886,1452,42
14.90955100,28631.00320435,28749.03701696,1450,42
14.94044816,28575.82278442,28692.45505954,1447,42
14.98184250,28524.18011475,28623.15424785,1443,42
14.99222490,28500.05346680,28613.75686024,1442,42
15.01303812,28497.62646484,28575.35019265,1440,42
15.04436782,28409.79507446,28512.62779437,1437,42
15.11797588,28258.49374390,28388.59687740,1430,42
15.17099649,28181.84915161,28296.79764620,1425,42
15.22439022,28105.35568237,28206.70247930,1420,42
15.26737665,28066.99536133,28134.44016656,1416,42
15.31060660,27928.20111084,28062.29003871,1412,42
15.38685113,27861.60229492,27936.24726175,1405,42
15.39780533,27720.95794678,27918.42457558,1404,42
15.46385903,27712.87878418,27811.46036654,1398,42
15.48600300,27681.05300903,27776.14417186,1396,42
15.54164277,27611.01956177,27683.00332700,1391,42
15.57521621,27597.75543213,27637.71048229,1388,42
15.58644239,27551.41125488,27612.33921366,1387,42
15.59768017,27466.55987549,27603.89395711,1386,42
15.63150201,27451.43099976,27538.48123252,1383,42
15.69958197,27451.20422363,27429.04785495,1377,42
15.72240698,27395.19415283,27393.80974919,1375,42
15.73384483,27242.82745361,27374.29136371,1374,42
15.76825611,27203.69729614,27325.66496634,1371,42
15.84914280,27178.12100220,27192.78439222,1364,42
15.87240551,27120.21801758,27156.71507028,1362,42
15.88406241,27110.37155151,27138.72308628,1361,42
15.90742809,27098.22338867,27101.83089517,1359,42
15.91913536,27063.25097656,27088.60281740,1358,42
15.96614153,26922.65548706,27019.02201798,1354,42
15.97793893,26919.46185303,26993.16458884,1353,42
16.00158188,26867.89004517,26956.46796653,1351,42
16.02529440,26769.35079956,26921.72275728,1349,42
16.08488554,26739.84793091,26830.28244072,1344,42
16.14492210,26709.01028442,26737.74076226,1339,42
16.15698181,26631.12576294,26724.64195836,1338,42
16.19327451,26598.90078735,26665.84379816,1335,42
16.20540705,26537.98385620,26650.75878424,1334,42
16.21755998,26417.40689087,26628.43647756,1333,42
16.30313501,26401.20660400,26500.59025741,1326,42
16.35243995,26389.15277100,26434.62757137,1322,42
16.38961835,26343.67800903,26372.67166733,1319,42
16.42696422,26338.40927124,26318.02126198,1316,42
16.43944841,26267.42626953,26307.98223702,1315,42
16.45195582,26253.85311890,26282.85996414,1314,42
16.48958722,26242.54244995,26226.51607148,1311,42
16.51477014,26131.73812866,26190.90872609,1309,42
16.56536800,25992.19195557,26117.93780506,1305,42
16.57806632,25986.53427124,26098.26268674,1304,42
16.61627636,25932.93319702,26046.54042746,1301,42
16.66749979,25850.94265747,25972.09839490,1297,42
16.68035417,25837.34933472,25956.23701476,1296,42
16.75790516,25818.76889038,25841.40651459,1290,42
16.79695034,25794.45367432,25788.77761122,1287,42
16.81000544,25679.95355225,25772.55626644,1286,42
16.86243323,25559.17190552,25695.96172404,1282,42
16.87559056,25437.04803467,25679.19900080,1281,42
17.02169423,25404.43234253,25478.76004424,1270,42
17.04853149,25290.50576782,25439.69288131,1268,42
17.10246072,25289.67541504,25362.88926511,1264,42
17.11599604,25283.35879517,25344.71554728,1263,42
17.17035258,25158.31042480,25271.98394502,1259,42
17.19765879,25149.74118042,25241.18432082,1257,42
17.28010827,25146.61242676,25126.57488843,1251,42
17.29392685,25128.89224243,25106.98289302,1250,42
17.32163033,25021.28634644,25068.91015309,1248,42
17.33551532,24894.36059570,25049.88360712,1247,42
17.44740123,24859.81634521,24901.51615548,1239,42
17.48973162,24727.88629150,24846.61916238,1236,42
17.53226799,24666.94430542,24791.77387223,1233,42
17.60362388,24590.74563599,24700.18218382,1228,42
17.64671720,24553.52944946,24644.42666357,1225,42
17.73353992,24444.30740356,24533.71237429,1219,42
17.77727242,24372.09411621,24478.83500916,1216,42
17.88016054,24307.45254517,24345.30978169,1209,42
17.90977318,24286.70086670,24317.42997257,1207,42
17.93948983,24250.70330811,24271.08815591,1205,42
17.98424567,24157.18972778,24216.28978571,1202,42
18.02922561,24100.95852661,24160.93168007,1199,42
18.05933639,24055.38616943,24127.76909923,1197,42
18.07443179,23938.42202759,24103.72419628,1196,42
18.15027976,23889.16647339,24013.72979627,1191,42
18.21141788,23855.09204102,23943.18665181,1187,42
18.22676934,23791.91778564,23917.40460060,1186,42
18.28842556,23777.73526001,23844.45731354,1182,42
18.30390529,23684.21670532,23824.78641021,1181,42
18.33494318,23657.24511719,23786.92201108,1179,42
18.46015354,23581.69692993,23639.14349486,1171,42
18.49172274,23571.44470215,23605.98520101,1169,42
18.50755031,23431.70458984,23581.55912844,1168,42
18.57112529,23410.44638062,23507.04343796,1164,42
18.63513867,23402.39321899,23432.69164631,1160,42
18.69959510,23364.32342529,23358.11911188,1156,42
18.73198926,23282.01412964,23325.77676522,1154,42
18.76449926,23281.07730103,23283.15066785,1152,42
18.79711915,23248.42681885,23250.19974880,1150,42
18.81347362,23190.98150635,23228.04874495,1149,42
18.82985581,23113.45837402,23207.82727317,1148,42
18.86270395,23111.72100830,23173.81708118,1146,42
18.89566942,23098.71508789,23132.40534359,1144,42
18.91219471,23008.50250244,23113.82671617,1143,42
19.02868649,22920.94119263,22983.30437470,1136,42
19.06223440,22857.20889282,22944.62643837,1134,42
19.14662316,22847.28607178,22851.27813472,1129,42
19.16358863,22836.04437256,22838.95303905,1128,42
19.18058812,22711.64797974,22814.83281617,1127,42
19.24887981,22684.96508789,22744.90963809,1123,42
19.28321130,22585.65286255,22701.11614388,1121,42
19.35223916,22553.66305542,22625.74784725,1117,42
19.36957332,22480.26492310,22607.09447991,1116,42
19.45671284,22454.69702148,22512.52693647,1111,42
19.49178839,22276.07885742,22475.40003760,1109,42
19.65120794,22229.81988525,22305.21939778,1100,42
19.66908233,22224.35290527,22286.53936346,1099,42
19.72290013,22204.17630005,22233.66831033,1096,42
19.74090658,22148.18490601,22211.00146500,1095,42
19.75894465,22129.48123169,22192.18290282,1094,42
19.79512002,22092.58737183,22154.30119270,1092,42
19.88614055,22008.30346680,22060.69241231,1087,42
19.94115400,22001.64825439,22010.02180798,1084,42
19.97800291,21834.16687012,21965.19969280,1082,42
20.10804527,21759.52523804,21832.96110304,1075,42
20.16429772,21755.99563599,21775.81868118,1072,42
20.18311817,21735.37603760,21757.86855513,1071,42
20.20197304,21645.79354858,21742.18941181,1070,42
20.25875455,21618.90753174,21681.28956671,1067,42
20.29678524,21565.70864868,21644.48004652,1065,42
20.43102675,21435.94564819,21510.56323044,1058,42
20.48910394,21427.98223877,21453.70779129,1055,42
20.54751086,21312.34918213,21401.08546591,1052,42
20.66533401,21235.77929688,21284.01232399,1046,42
20.72475374,21203.22177124,21225.87324813,1043,42
20.74463586,21133.14483643,21207.83752616,1042,42
20.86473712,20934.79043579,21093.06049994,1036,42
20.96588900,20928.99398804,20997.99456401,1031,42
21.00662524,20924.99267578,20959.24379276,1029,42
21.04751960,20849.70910645,20921.99363501,1027,42
21.06802639,20798.28833008,20903.85595614,1026,42
21.12978680,20769.73019409,20851.02392098,1023,42
21.17116373,20758.90374756,20811.16752183,1021,42
21.21270320,20713.99838257,20770.84467916,1019,42
21.27531848,20701.47985840,20711.81222919,1016,42
21.31726757,20690.06127930,20673.17971682,1014,42
21.38050214,20489.33401489,20615.92569507,1011,42
21.44411297,20451.05194092,20559.09857590,1008,42
21.50810354,20412.33389282,20502.32676267,1005,42
21.61560786,20327.97079468,20407.17159283,1000,42
21.65891132,20294.05960083,20368.82529717,998,42
21.81185014,20290.46871948,20233.69081731,991,42
21.83387509,20178.79849243,20214.37665462,990,42
21.90021765,20165.91790771,20156.69897330,987,42
21.92242149,20013.23596191,20137.61641238,986,42
22.01168864,19942.75595093,20062.49809350,982,42
22.05659508,19854.30740356,20025.95696204,980,42
22.23807277,19851.17660522,19869.07468793,972,42
22.28390944,19794.50332642,19831.19466781,970,42
22.30689848,19793.43792725,19812.88811511,969,42
22.32993565,19775.39187622,19792.88755511,968,42
22.35302038,19751.82543945,19773.13057087,967,42
22.44583657,19675.80361938,19699.88883011,963,42
22.46916061,19663.74093628,19683.05920594,962,42
22.49253513,19550.88931274,19661.13796886,961,42
22.63380550,19476.97335815,19542.49583550,955,42
22.68129007,19392.86706543,19505.24366276,953,42
22.82494858,19346.58190918,19389.39254561,947,42
22.94606085,19305.28506470,19295.65673434,942,42
22.97043899,19167.89520264,19273.69696930,941,42
23.04388245,19146.72421265,19215.21084179,938,42
23.11779502,19060.66967773,19162.25788174,935,42
23.21709060,18997.41323853,19080.06965593,931,42
23.31724104,18952.66226196,19003.03428897,927,42
23.39292299,18896.90264893,18945.17683682,924,42
23.44365027,18857.09133911,18908.82909617,922,42
23.46909804,18822.79162598,18886.91739108,921,42
23.52015771,18808.22171021,18848.14844385,919,42
23.57143803,18773.66293335,18814.58773741,917,42
23.59716487,18655.83163452,18790.88197512,916,42
23.80500581,18652.29370117,18636.50590649,908,42
23.85753993,18595.08975220,18596.77668122,906,42
23.88389364,18581.01702881,18578.09993390,905,42
23.93677581,18410.68017578,18541.56759043,903,42
24.09684109,18409.41281128,18422.00078200,897,42
24.12372668,18334.70275879,18403.00956399,896,42
24.20474540,18321.82122803,18344.36818563,893,42
24.31362071,18273.57168579,18266.72354628,889,42
24.36842563,18229.64468384,18230.37831662,887,42
24.39592184,18216.56002808,18209.60343940,886,42
24.42348000,18124.68890381,18189.55425745,885,42
24.53433718,18074.89773560,18111.57162743,881,42
24.56220835,18065.35504150,18093.63129637,880,42
24.59014365,18003.62576294,18073.68124132,879,42
24.67433090,17955.30834961,18017.52411048,876,42
24.70252339,17886.92630005,17994.52380148,875,42
24.81593468,17833.69946289,17916.79314421,871,42
24.95917203,17739.54922485,17819.67797032,866,42
25.10407192,17735.42459106,17725.26266474,861,42
25.13325568,17597.84286499,17702.43663656,860,42
25.33944790,17565.92736816,17567.15766784,853,42
25.39898354,17497.89572144,17527.10692189,851,42
25.45879937,17486.19216919,17487.86035014,849,42
25.48881295,17463.29602051,17468.61564838,848,42
25.54905295,17412.79998779,17430.01261199,846,42
25.60957897,17366.17977905,17390.21270679,844,42
25.67039160,17318.43377686,17352.54426546,842,42
25.70090711,17268.36685181,17332.06879793,841,42
25.79288913,17238.25738525,17274.01505198,838,42
25.82369666,17229.94818115,17253.75300925,837,42
25.91656161,17187.77868652,17195.43652756,834,42
25.94766380,17103.47683716,17179.38796861,833,42
26.13586722,17086.21578979,17057.88569311,827,42
26.16749941,16951.47088623,17039.54549145,826,42
26.23099481,16934.10421753,17001.44642355,824,42
26.29479922,16896.44711304,16963.30505569,822,42
26.42334451,16891.02328491,16885.94585005,818,42
26.45567906,16787.90954590,16863.00960499,817,42
26.55315352,16771.55487061,16807.58934741,814,42
26.58580689,16704.13259888,16784.51373049,813,42
26.61853793,16684.36764526,16767.67320633,812,42
26.68424534,16676.28820801,16727.48177152,810,42
26.71722182,16656.83432007,16705.31077569,809,42
26.81663851,16618.18157959,16646.95031405,806,42
26.88332894,16563.78750610,16607.06861093,804,42
26.95035170,16563.13681030,16567.81599918,802,42
26.98398734,16546.41390991,16551.00391100,801,42
27.05151375,16481.03933716,16511.51590248,799,42
27.08540510,16446.57693481,16489.15643684,798,42
27.18758699,16436.72036743,16430.19202081,795,42
27.22181789,16374.83792114,16413.51306549,794,42
27.25613749,16345.40917969,16391.47377453,793,42
27.32503517,16344.03311157,16351.62562837,791,42
27.35961474,16262.53253174,16331.81295519,790,42
27.39428078,16239.48443604,16314.74620425,789,42
27.53383388,16235.66189575,16233.51312449,785,42
27.56894266,16112.21948242,16217.57364643,784,42
27.71028647,16024.45248413,16135.37625862,780,42
27.85308558,16009.44122314,16057.10725689,776,42
27.96115499,15922.84472656,15997.91453509,773,42
28.14314725,15826.89126587,15898.43929856,768,42
28.29045588,15766.71218872,15819.38380162,764,42
28.36468975,15757.17996216,15780.74650425,762,42
28.40195349,15721.53411865,15760.29881870,761,42
28.51433381,15719.86566162,15700.96110104,758,42
28.55199156,15670.71478271,15681.75178525,757,42
28.62760554,15556.24655151,15645.05244795,755,42
28.70362399,15554.74496460,15602.44685355,753,42
28.85687619,15525.11505127,15522.67758132,749,42
28.89544524,15428.00946045,15502.96241104,748,42
28.93411732,15392.46948242,15483.68480432,747,42
29.20775009,15316.44030762,15345.58221742,740,42
29.28688454,15209.97827148,15305.53520946,738,42
29.52688226,15159.47085571,15185.91188109,732,42
29.60775810,15110.33404541,15146.23034377,730,42
29.68907765,15081.95028687,15107.86360714,728,42
29.77084565,15060.42398071,15068.80234720,726,42
29.81189956,14964.52548218,15047.70625829,725,42
29.93574187,14964.26986694,14987.94437706,722,42
29.97725160,14901.79626465,14968.16246284,721,42
30.14444851,14852.74166870,14888.70642929,717,42
30.22874794,14845.05740356,14850.09009291,715,42
30.35608509,14819.85272217,14792.18366982,712,42
30.39877012,14766.88677979,14771.83039917,711,42
30.44157532,14732.40106201,14751.60604639,710,42
30.57071713,14595.48800659,14691.54940045,707,42
30.78840535,14554.81655884,14593.27502072,702,42
30.87635228,14516.99340820,14552.18438182,700,42
30.92051447,14504.68090820,14531.64228336,699,42
30.96480317,14490.63769531,14511.16163584,698,42
31.09843352,14479.71682739,14450.62267738,695,42
31.14323345,14440.07986450,14430.94058606,694,42
31.18816251,14425.82400513,14411.55716444,693,42
31.23322201,14406.58770752,14391.01713898,692,42
31.27841171,14382.30679321,14370.92389808,691,42
31.32373212,14370.83227539,14351.35843464,690,42
31.41476718,14350.31530762,14314.13674386,688,42
31.46048491,14187.60412598,14292.66056134,687,42
31.59843832,14179.01406860,14232.05373695,684,42
31.83106919,14141.97149658,14131.73570126,679,42
31.87800701,14141.55435181,14111.87222513,678,42
31.92508361,14062.53909302,14091.74183326,677,42
32.01965371,14049.86901855,14054.49391351,675,42
32.06715103,14025.24679565,14032.35726664,674,42
32.16256782,13972.41220093,13991.90047110,672,42
32.25855278,13926.85958862,13954.18726381,670,42
32.30676228,13891.86605835,13931.91516108,669,42
32.40361250,13830.84884644,13892.03487897,667,42
32.59906581,13790.80984497,13812.28943771,663,42
32.69767983,13735.32080078,13771.81365919,661,42
32.84672448,13701.79568481,13711.86963313,658,42
32.94684436,13700.69326782,13673.03019597,656,42
32.99713440,13685.91592407,13651.97203503,655,42
33.04757773,13601.40264893,13631.93601506,654,42
33.09817500,13595.16522217,13612.95077105,653,42
33.19983764,13585.45773315,13571.59042741,651,42
33.25090207,13511.56115723,13553.71440929,650,42
33.35350728,13478.65753174,13511.38310462,648,42
33.40504639,13463.72384644,13492.69543730,647,42
33.56062718,13443.30441284,13431.10531689,644,42
33.61280980,13374.36254883,13411.05899994,643,42
33.82317337,13358.32705688,13331.01423499,639,42
33.87617590,13358.16278076,13311.96953803,638,42
33.92934613,13304.85714722,13290.52652247,637,42
33.98268249,13262.00842285,13271.07841492,636,42
34.08986082,13174.58557129,13230.59163641,634,42
34.14370403,13146.70367432,13210.17192983,633,42
34.47036909,13106.66876221,13089.56090844,627,42
34.58065090,12997.25488281,13049.87495013,625,42
34.74740406,12927.78311157,12989.15599784,622,42
34.91577214,12927.54122925,12930.93921406,619,42
34.97225989,12886.31130981,12908.37504662,618,42
35.08578224,12881.06069946,12869.12859887,616,42
35.14282087,12804.70172119,12848.44299656,615,42
35.25745582,12781.60897827,12808.22689677,613,42
35.31505426,12773.98626709,12788.06061794,612,42
35.48898466,12728.52178955,12727.43119757,609,42
35.54734295,12668.61019897,12707.09932290,608,42
35.66463727,12652.46997070,12666.58883241,606,42
35.72357512,12649.41625977,12646.51979148,605,42
35.84203687,12638.09655762,12607.10489690,603,42
35.90156372,12526.48239136,12585.96247704,602,42
35.96128808,12465.49008179,12565.86083414,601,42
36.14165972,12461.40921021,12505.38445862,598,42
36.32384999,12387.09991455,12445.25506774,595,42
36.50788739,12365.33178711,12384.16546083,592,42
36.63161843,12317.44497681,12343.92303908,590,42
36.75619106,12316.87933350,12303.85051115,588,42
36.81879528,12289.83810425,12284.53971246,587,42
36.94464701,12170.32528687,12243.95750704,585,42
37.13504688,12104.83334351,12182.18258882,582,42
37.39198695,12076.74981689,12101.32657867,578,42
37.45677860,12043.62289429,12081.10482090,577,42
37.52179524,12038.74807739,12060.85585814,576,42
37.58703803,12003.37557983,12040.59137841,575,42
37.71820674,11964.07125854,12000.12966387,573,42
37.78413499,11952.01721191,11980.02267198,572,42
37.98330934,11911.11724854,11920.98687701,569,42
38.05016891,11871.51119995,11900.31825868,568,42
38.11726465,11851.39556885,11879.15396785,567,42
38.25216778,11842.66702271,11838.25494475,565,42
38.31997792,11791.59591675,11818.12098788,564,42
38.45632202,11773.12680054,11778.08743091,562,42
38.52485812,11772.28707886,11758.83159317,561,42
38.59364058,11726.46228027,11737.05912594,560,42
38.66266829,11681.02578735,11716.64715435,559,42
38.73194337,11644.98184204,11696.29476671,558,42
38.87124013,11626.28961182,11657.08884591,556,42
38.94126630,11571.42251587,11635.42283158,555,42
39.15286380,11538.64410400,11575.59440941,552,42
39.29521234,11534.33233643,11533.94740505,550,42
39.43859923,11451.19570923,11493.34091666,548,42
39.51068588,11449.28170776,11473.02920797,547,42
39.72853592,11441.51403809,11412.18367582,544,42
39.80168706,11430.40533447,11392.57612942,543,42
39.87510890,11360.12185669,11371.83587816,542,42
39.94880133,11324.28405762,11352.39116561,541,42
40.02276805,11318.23345947,11330.80407120,540,42
40.24631869,11243.32327271,11269.80876219,537,42
40.47238079,11199.54916382,11209.27558172,534,42
40.54830081,11162.34698486,11188.40645259,533,42
40.77777869,11104.90136719,11127.36171464,530,42
40.93221258,11091.04022217,11086.81199919,528,42
41.00986825,11065.17520142,11067.77431623,527,42
41.08782111,11010.88500977,11045.86957313,526,42
41.40261494,10937.82302856,10964.58514441,522,42
41.48206834,10936.38137817,10944.77613822,521,42
41.56182815,10934.38937378,10923.67712632,520,42
41.64189492,10867.74951172,10903.19435381,519,42
41.72226957,10864.75540161,10884.57624442,518,42
41.96527111,10842.48004150,10821.64470536,515,42
42.04690062,10824.89749146,10802.66253234,514,42
42.12885016,10787.35873413,10781.08820291,513,42
42.21111924,10743.18380737,10760.29934070,512,42
42.45986489,10682.38995361,10699.59682540,509,42
42.62733091,10682.11538696,10658.90833909,507,42
42.71156079,10618.31341553,10637.90931009,506,42
42.88102266,10554.27297974,10596.80965819,504,42
42.96625881,10525.68392944,10576.47787352,503,42
43.13775187,10483.61492920,10535.83284217,501,42
43.39757453,10465.53219604,10474.36156564,498,42
43.48487920,10460.39642334,10453.76350024,497,42
43.57253588,10459.63375854,10433.19497381,496,42
43.66054665,10410.98522949,10412.74045626,495,42
43.74891359,10387.39575195,10392.50648349,494,42
43.83763877,10319.99514771,10372.61960138,493,42
44.01617439,10293.37442017,10331.29858170,491,42
44.10598893,10236.78216553,10310.39669260,490,42
44.46894140,10227.70037842,10229.19327181,486,42
44.56061559,10215.16244507,10208.02837597,485,42
44.65266808,10196.55758667,10187.56732043,484,42
44.83791877,10184.15225220,10146.85862714,482,42
44.93112187,10099.62216187,10126.46220454,481,42
45.02471335,10035.24752808,10106.00571799,480,42
45.40301204,10009.53726196,10023.61865038,476,42
45.49858208,9998.83062744,10003.25517574,475,42
45.59455537,9982.59078979,9982.83613216,474,42
45.78772192,9936.69195557,9942.08877391,472,42
45.88492084,9885.51922607,9921.10112690,471,42
45.98253270,9870.19689941,9900.98987401,470,42
46.17900870,9798.35583496,9859.64419236,468,42
46.57704158,9757.04278564,9777.47884152,464,42
46.77864152,9696.20669556,9737.87962312,462,42
47.18712623,9618.72174072,9655.05759494,458,42
47.39405606,9614.82098389,9613.50781649,456,42
47.49820320,9597.36340332,9592.67636632,455,42
47.60280859,9561.15020752,9572.57041343,454,42
47.91940927,9540.44549561,9510.68124132,451,42
48.02588097,9462.84780884,9489.94801105,450,42
48.13282683,9432.68927002,9469.34547765,449,42
48.24025009,9427.75979614,9448.78805421,448,42
48.45654178,9365.82308960,9407.65343735,446,42
48.78464086,9351.20269775,9346.30407770,443,42
48.89499660,9329.83013916,9326.31211169,442,42
49.00585336,9321.88272095,9305.58959441,441,42
49.11721446,9268.42755127,9284.32877567,440,42
49.22908243,9236.87039185,9263.68215132,439,42
49.34146117,9233.66851807,9243.06574193,438,42
49.45435399,9139.49353027,9222.76483724,437,42
49.91114000,9108.29519653,9141.13240787,433,42
50.25930727,9087.88095093,9078.94988005,430,42
50.37644539,9043.76620483,9057.91674508,429,42
50.61236707,8997.52124023,9016.47420853,427,42
50.73115803,8973.95016479,8996.48960551,426,42
50.97042159,8956.22146606,8955.70064230,424,42
51.09090288,8953.58978271,8933.98240802,423,42
51.21195414,8917.85644531,8913.53855546,422,42
51.33358073,8884.88034058,8892.80460620,421,42
51.45578640,8873.03546143,8872.13388587,420,42
51.57857516,8824.28295898,8851.74899125,419,42
51.95048445,8813.69363403,8789.38587961,416,42
52.20141742,8769.83462524,8748.99873700,414,42
52.32779625,8716.06124878,8727.62783837,413,42
52.45478816,8664.79934692,8706.74552225,412,42
52.58239780,8648.24060059,8686.13043487,411,42
52.83948905,8616.94836426,8644.98929701,409,42
53.09910715,8594.93310547,8603.64385536,407,42
53.22987551,8559.68792725,8582.81059819,406,42
53.36128962,8536.59448242,8562.00559199,405,42
53.62607374,8521.91476440,8521.13297487,403,42
53.75945381,8512.15646362,8500.65294035,402,42
53.89349992,8493.82058716,8479.25885974,401,42
54.02821545,8487.70333862,8458.78154122,400,42
54.16360663,8416.50445557,8437.90523009,399,42
54.43643490,8379.82757568,8396.41396659,397,42
54.57388243,8368.52551270,8375.73207327,396,42
54.71202568,8317.26617432,8355.26881973,395,42
54.85087064,8300.11474609,8334.28783171,394,42
55.13068517,8242.39587402,8292.94021106,392,42
55.41336984,8209.57589722,8251.29567270,390,42
55.84287485,8207.92120361,8189.22351878,387,42
55.98752682,8174.26116943,8168.48908951,386,42
56.27909122,8118.31283569,8126.72964827,384,42
56.42601506,8084.75833130,8106.13318187,383,42
56.57370842,8070.76373291,8085.19903580,382,42
56.72217673,8029.17987061,8064.64319036,381,42
57.02146362,8023.13348389,8023.72013428,379,42
57.17229490,8007.46591187,8003.04920195,378,42
57.32392653,7986.85848999,7982.16091384,377,42
57.47636489,7984.98016357,7961.09250291,376,42
57.62961630,7928.61154175,7939.95764204,375,42
58.09431342,7867.92355347,7877.35036165,372,42
58.40829765,7821.98666382,7835.90721209,370,42
58.56656619,7778.25039673,7815.12979987,369,42
58.72569464,7768.56063843,7794.61339639,368,42
59.20831269,7717.13375854,7731.86446014,365,42
59.37095314,7699.83126831,7711.03361697,364,42
59.53448969,7693.32400513,7690.16527883,363,42
59.69892917,7653.74600220,7669.94273406,362,42
59.86428071,7580.88796997,7648.59849640,361,42
60.53494828,7541.84768677,7565.30735869,357,42
60.87594963,7513.29071045,7523.70004630,355,42
61.04789527,7480.36627197,7502.84496716,354,42
61.22081508,7475.05160522,7482.02309798,353,42
61.39471735,7453.32864380,7461.23935876,352,42
61.56961041,7421.57376099,7440.56359544,351,42
61.74550319,7386.02777100,7419.53463947,350,42
61.92240357,7357.48370361,7398.91370509,349,42
62.27926371,7342.18167114,7357.03966696,347,42
62.64026057,7335.63961792,7315.95459005,345,42
62.82233385,7278.31332397,7294.68276332,344,42
63.00546790,7228.04705811,7274.29312671,343,42
63.37495920,7205.56903076,7232.56590743,341,42
63.93739503,7190.23880005,7169.89444311,338,42
64.12709907,7152.32174683,7148.85671014,337,42
64.31793236,7128.84436035,7127.73059927,336,42
64.50990463,7062.66046143,7106.92281308,335,42
65.28939353,7017.87478638,7023.41107459,331,42
65.68624502,6965.67044067,6982.36266564,329,42
65.88648671,6962.17984009,6960.81393019,328,42
66.08795241,6923.24911499,6939.94088506,327,42
66.49460313,6922.22796631,6898.21813178,325,42
66.69981077,6855.56079102,6877.70870829,324,42
67.32310656,6814.16702271,6814.67575432,321,42
67.53346862,6786.72396851,6793.89008111,320,42
67.74514989,6781.66864014,6772.82995217,319,42
67.95816209,6756.54287720,6752.12273688,318,42
68.17251819,6725.45648193,6731.44245456,317,42
68.38823115,6705.62310791,6710.59464841,316,42
68.60531394,6696.67401123,6689.53890846,315,42
68.82377953,6680.74462891,6668.39079661,314,42
69.26491152,6617.85772705,6626.48472852,312,42
69.48760464,6598.15078735,6606.00855499,311,42
69.93731642,6529.54754639,6563.76167724,309,42
70.16436224,6526.41436768,6542.83438317,308,42
70.39288706,6516.51461792,6522.03221197,307,42
70.62290567,6494.22296143,6501.06303794,306,42
71.08748218,6466.80981445,6459.63022337,304,42
71.32207101,6432.49288940,6438.29221071,303,42
71.55821308,6428.12814331,6417.24103676,302,42
71.79592407,6403.29891968,6396.29701370,301,42
72.03521968,6372.70208740,6375.46149454,300,42
72.27611560,6308.32797241,6354.91687308,299,42
72.76277542,6294.65936279,6312.58009642,297,42
73.25603370,6276.33023071,6270.51607648,295,42
73.50517915,6222.25894165,6249.75986624,294,42
74.00858998,6201.59701538,6207.76900323,292,42
74.26289006,6160.27377319,6186.99909000,291,42
74.77677066,6133.43804932,6144.67784532,289,42
75.03638721,6092.53796387,6123.70013130,288,42
75.56106616,6066.49676514,6082.26123074,286,42
76.09313629,6024.45977783,6039.71103129,284,42
76.63275282,5985.60058594,5997.71531628,282,42
76.90544155,5961.85760498,5976.74956525,281,42
77.18007778,5935.09854126,5956.02015998,280,42
77.45668346,5902.77008057,5934.67467233,279,42
77.73527873,5897.07678223,5913.63955736,278,42
78.01588549,5885.32733154,5892.62099238,277,42
78.29852566,5869.36389160,5871.58032942,276,42
78.58322115,5861.05072021,5850.73783026,275,42
78.86999493,5831.96112061,5829.69268331,274,42
79.15886972,5820.89038086,5808.58924441,273,42
79.44986810,5784.07766724,5787.86518813,272,42
79.74301492,5755.41540527,5766.44919855,271,42
80.03833273,5728.88150024,5745.39814560,270,42
80.63557989,5706.73477173,5703.35188865,268,42
80.93755888,5679.97140503,5682.24779175,267,42
81.24180816,5654.68911743,5661.31764468,266,42
81.54835379,5614.96032715,5640.26720573,265,42
81.85722212,5595.69924927,5618.93068807,264,42
82.16843887,5579.20104980,5597.89607210,263,42
82.48203143,5555.01492310,5576.75616624,262,42
82.79802660,5520.25567627,5555.93581106,261,42
83.43733820,5520.03436279,5513.56825243,259,42
83.76071085,5503.48373413,5492.43810256,258,42
84.08660002,5492.65078735,5471.29700770,257,42
84.41503520,5425.52783203,5450.16014684,256,42
85.07966370,5411.62936401,5407.98416302,254,42
85.41591824,5381.52737427,5387.03979796,253,42
85.75484206,5364.53814697,5365.66557733,252,42
86.09646610,5343.76483154,5344.54421546,251,42
86.44082305,5300.62643433,5323.48267652,250,42
86.78794613,5293.43881226,5302.28483372,249,42
87.13786849,5291.25549316,5281.15084585,248,42
87.49062392,5247.99649048,5260.22407778,247,42
87.84624785,5231.86920166,5238.90881609,246,42
88.20477442,5201.39053345,5217.86828413,245,42
88.56623990,5191.42272949,5196.72995827,244,42
88.93068056,5176.97140503,5175.46026954,243,42
89.29813294,5150.77273560,5154.32530567,242,42
89.66863452,5133.47128296,5133.34005166,241,42
90.04222390,5099.63455200,5112.13007987,240,42
90.41893960,5094.31851196,5090.90305710,239,42
90.79882074,5049.93466187,5069.82967317,238,42
91.18190755,5035.62109375,5048.82072718,237,42
91.95786267,4993.72119141,5006.39965260,235,42
92.35081378,4957.14407349,4985.54156246,234,42
92.74713883,4946.03021240,4964.02204898,233,42
93.14687978,4940.74252319,4942.98253602,232,42
93.55008188,4938.98907471,4921.80413820,231,42
93.95679017,4897.39807129,4900.56858243,230,42
94.36705037,4846.13815308,4879.41597758,229,42
95.19841460,4834.55114746,4837.15127685,227,42
95.61961470,4820.28509521,4815.95440305,226,42
96.04455840,4791.77719116,4795.04002196,225,42
96.47329690,4760.11331177,4773.67231333,224,42
96.90588026,4749.70062256,4752.52623247,223,42
97.34236036,4725.05169678,4731.63594936,222,42
97.78279144,4709.23886108,4710.14674885,221,42
98.22722556,4683.56115723,4689.22969977,220,42
98.67571920,4683.35159302,4667.80590319,219,42
99.12832708,4645.58178711,4646.62971637,218,42
99.58510638,4621.19891357,4625.51143749,217,42
100.04611507,4579.69207764,4604.40803959,216,42
100.98105834,4579.10662842,4561.95218505,214,42
101.45511402,4529.03735352,4540.76125224,213,42
101.93364180,4520.50057983,4519.64759935,212,42
102.41670547,4508.06854248,4498.48438652,211,42
102.90436987,4463.20272827,4477.23425377,210,42
103.89376564,4440.53341675,4434.89920510,208,42
104.39563315,4422.42187500,4413.68091932,207,42
104.90237296,4410.72097778,4392.58259242,206,42
105.41405684,4394.10998535,4371.31022969,205,42
105.93075708,4353.77679443,4350.12997687,204,42
106.45254805,4322.26510620,4328.89366211,203,42
107.51170572,4286.67117310,4286.49266351,201,42
108.04922811,4252.18899536,4265.35573464,200,42
109.14056137,4218.30120850,4223.14639985,198,42
109.69453827,4191.77554321,4201.67164033,197,42
110.25416747,4168.85815430,4180.49763150,196,42
110.81953658,4128.82379150,4159.25319675,195,42
111.96785078,4123.23757935,4116.89989610,193,42
112.55097918,4093.88623047,4095.66876733,192,42
113.14021350,4056.50463867,4074.50228450,191,42
113.73565062,4040.62399292,4053.15538784,190,42
114.33738834,4031.99282837,4031.98677401,189,42
115.56017093,3984.52307129,3989.59854940,187,42
116.18142356,3936.88607788,3968.31145469,186,42
117.44418694,3925.19152832,3925.77138223,184,42
118.08591871,3921.89108276,3904.74113026,183,42
118.73470284,3897.92889404,3883.50640749,182,42
119.39065629,3860.23336792,3862.03891696,181,42
120.05389741,3849.80117798,3840.94405106,180,42
120.72454941,3817.05026245,3819.65201735,179,42
121.40273689,3795.45657349,3798.32642067,178,42
122.08858739,3772.26416016,3777.04925895,177,42
123.48380322,3732.40576172,3734.52829847,175,42
124.19343890,3699.86685181,3713.23458777,174,42
124.91127830,3673.24291992,3692.02819797,173,42
125.63746484,3666.13568115,3670.72195228,172,42
126.37214474,3648.36837769,3649.44574755,171,42
127.86758790,3606.80282593,3606.85309415,169,42
128.62866145,3586.00082397,3585.65430135,168,42
129.39884992,3558.88705444,3564.31280969,167,42
130.96723340,3538.26287842,3521.77902522,165,42
131.76577010,3507.72720337,3500.51658748,164,42
132.57410506,3477.03268433,3479.12225388,163,42
133.39241933,3441.37225342,3457.78141722,162,42
135.05973444,3408.23797607,3415.19658480,160,42
135.90912147,3403.72628784,3393.86883413,159,42
136.76926026,3370.37380981,3372.51494249,158,42
137.64035594,3350.03829956,3351.29524970,157,42
138.52261994,3312.39459229,3329.86669013,156,42
140.32152113,3280.99105835,3287.33832066,154,42
141.23860849,3267.02481079,3265.85633514,153,42
142.16776247,3251.25366211,3244.50697849,152,42
143.10922285,3232.25384521,3223.27576972,151,42
144.06323655,3193.33599854,3201.81219719,150,42
145.03005548,3192.87167358,3180.49641550,149,42
146.00993978,3161.20764160,3159.05017895,148,42
147.00315566,3133.30697632,3137.68593131,147,42
148.00997723,3126.53472900,3116.32174868,146,42
149.03068583,3102.44192505,3095.01218399,145,42
150.06557114,3058.91070557,3073.62409338,144,42
151.11493053,3044.96310425,3052.15486385,143,42
152.17906951,3015.76458740,3030.73433927,142,42
153.25830263,3003.08599854,3009.31971268,141,42
154.35295333,2991.50427246,2987.90975809,140,42
155.46335441,2970.50311279,2966.49810650,139,42
156.58984814,2942.64788818,2945.12312088,138,42
157.73278726,2921.30032349,2923.65112035,137,42
158.89253419,2890.28805542,2902.21828578,136,42
160.06946244,2881.83932495,2880.82992817,135,42
161.26395702,2871.00265503,2859.33534366,134,42
162.47641388,2834.18563843,2837.85758814,133,42
163.70724122,2809.67584229,2816.39957960,132,42
164.95685968,2809.42773438,2794.98838101,131,42
166.22570331,2765.27096558,2773.46899053,130,42
167.51421884,2749.01318359,2751.97629502,129,42
168.82286713,2719.20278931,2730.58533341,128,42
170.15212458,2709.01312256,2708.99226001,127,42
171.50248087,2692.11782837,2687.57737842,126,42
172.87444330,2662.64981079,2665.99733400,125,42
174.26853376,2639.05020142,2644.56976743,124,42
175.68529281,2615.72485352,2622.97824202,123,42
177.12527713,2599.63265991,2601.48510051,122,42
178.58906267,2589.71856689,2580.05882394,121,42
180.07724500,2551.05557251,2558.50088150,120,42
181.59043860,2531.00823975,2537.01040599,119,42
183.12927951,2513.66415405,2515.53265847,118,42
184.69442558,2475.72946167,2493.99514100,117,42
186.28655681,2463.15017700,2472.49322751,116,42
187.90637725,2447.24957275,2451.00335400,115,42
189.55461568,2430.28341675,2429.48630451,114,42
191.23202625,2406.38592529,2408.03792596,113,42
192.93939077,2386.41470337,2386.53132547,112,42
194.67751870,2353.18969727,2364.99539900,111,42
196.44724888,2341.97384644,2343.48432652,110,42
198.24945111,2313.11471558,2321.99548500,109,42
200.08502751,2291.93753052,2300.48565951,108,42
201.95491373,2284.28445435,2278.98103702,107,42
203.86008078,2260.49850464,2257.49387251,106,42
205.80153679,2243.73181152,2235.98120902,105,42
207.78032837,2212.23110962,2214.51498549,104,42
209.79754326,2188.26800537,2192.98714301,103,42
211.85431130,2171.46456909,2171.48811051,102,42
213.95180739,2159.71725464,2150.00000000,101,42
216.09125343,2122.39407349,2128.49787150,100,42
218.27392063,2105.09854126,2106.99591500,99,42
220.50113207,2089.65853882,2085.48587451,98,42
222.77426534,2067.43548584,2063.99097001,97,42
225.09475554,2041.32290649,2042.49933350,96,42
227.46409822,2021.65875244,2020.99733400,95,42
229.88385243,2004.40390015,1999.49438851,94,42
232.35564435,1965.26849365,1977.99578600,93,42
234.88117079,1956.82412720,1956.52263948,92,42
237.46220351,1936.22827148,1934.99625900,91,42
240.10059245,1918.14144897,1913.48604651,90,42
242.79827095,1886.73654175,1891.99496901,89,42
245.55726032,1871.37002563,1870.50466550,88,42
248.37967483,1844.90182495,1848.99011001,87,42
251.26772683,1820.56997681,1827.49051851,86,42
254.22373298,1812.25552368,1805.99432401,85,42
257.25012026,1784.04727173,1784.48978751,84,42
260.34943253,1769.28701782,1762.98757301,83,42
263.52433777,1746.54562378,1741.48793851,82,42
266.77763568,1715.08691406,1719.99785000,81,42
270.11226608,1691.73794556,1698.49830150,80,42
273.53131757,1677.36480713,1676.99019601,79,42
277.03803682,1650.22866821,1655.52784247,78,42
280.63584000,1637.90133667,1633.99686100,77,42
284.32832209,1618.31985474,1612.49202351,76,42
288.11927031,1589.02767944,1591.00055900,75,42
292.01267651,1569.97372437,1569.52483248,74,42
296.01275159,1555.82891846,1548.00391300,73,42
300.12393982,1512.59927368,1526.49262551,72,42
304.35093596,1497.54376221,1505.02412298,71,42
308.69870372,1483.74539185,1483.49550650,70,42
313.17249360,1469.05468750,1461.99346401,69,42
317.77786553,1437.29678345,1440.49322751,68,42
322.52071119,1416.67993164,1419.00503099,67,42
327.40727941,1396.46463013,1397.51932848,66,42
332.44420374,1367.45327759,1376.00464400,65,42
337.63853191,1352.02114868,1354.49864550,64,42
342.99775937,1338.11386108,1332.99746300,63,42
348.52986513,1306.37564087,1311.49645250,62,42
354.24335131,1293.01556396,1290.01264199,61,42
360.14728718,1262.86648560,1268.49959150,60,42
366.25135645,1249.65469360,1246.99333501,59,42
372.56591077,1218.05294800,1225.50445050,58,42
379.10202850,1202.98825073,1203.99488301,57,42
385.87157897,1182.63516235,1182.49400151,56,42
392.88729489,1164.52603149,1160.99496901,55,42
400.16285204,1137.24423218,1139.51236249,54,42
407.71295873,1115.29544067,1117.99729100,53,42
415.55345404,1094.02639771,1096.49597950,52,42
423.70141975,1078.57852173,1074.99578600,51,42
432.17530406,1052.64309692,1053.49894650,50,42
440.99506127,1036.54434204,1031.99535600,49,42
450.18230829,1013.85806274,1010.50036550,48,42
459.76050199,987.92132568,989.00348300,47,42
469.75513899,966.97903442,967.49593650,46,42
480.19398201,942.01992798,945.99668900,45,42
491.10731789,924.96585083,924.49804350,44,42
502.52825080,903.40548706,902.99699000,43,42
514.49303757,880.60635376,881.50694449,42,42
527.04147266,861.81747437,859.99763500,41,42
540.21732937,837.40689087,838.49916150,40,42
554.06887110,815.61819458,816.99849500,39,42
568.64944132,792.44375610,795.49774250,38,42
584.01815047,770.34667969,773.99858100,37,42
600.24067679,748.89785767,752.49804350,36,42
617.39020457,730.64831543,731.00378400,35,42
635.54852820,709.06301880,709.49834450,34,42
654.80735624,687.09454346,687.99875300,33,42
675.26986102,664.23110962,666.49933350,32,42
697.05252743,643.13003540,644.99845200,31,42
720.28737157,621.96072388,623.50023650,30,42
745.12461878,600.94625854,601.99883900,29,42
771.73595506,582.80300903,580.49941950,28,42
800.31850145,559.15353394,558.99901100,27,42
831.09970519,538.40414429,537.50212850,26,42
864.34340532,515.04467773,515.99948400,25,42
900.35741376,494.07876587,494.49984950,24,42
939.50307512,473.17321777,472.99939800,23,42
982.20743291,450.75332642,451.50135450,22,42
